dependant_id,subscriber_id,first_name,last_name
1,815,Andros,Lewsam
2,983,Christie,Gander
3,903,Paula,Spowage
4,739,Cedric,Carmo
5,334,Roby,Muirden
6,482,Maisey,Bittany
7,741,Cate,Eastbrook
8,725,Kerri,Splain
9,372,Jelene,Hawarden
10,510,Patrizio,Stammirs
11,963,Wendi,Bausmann
12,758,Mab,Mottini
13,844,Sherri,Eilles
14,481,Berne,Dewdney
15,457,Gerti,Moquin
16,192,Field,Ducker
17,688,Nicoline,Sherwill
18,667,Fiorenze,Butchard
19,658,Mariellen,Alejandre
20,17,Johanna,Huxley
21,628,Amata,Sapsforde
22,933,Alison,Mastrantone
23,360,Danna,Stapleton
24,655,Ilysa,Brockway
25,967,Parnell,Skippings
26,855,Karim,Bradick
27,806,Alaster,Hulbert
28,663,Eula,Wallhead
29,218,Hiram,Sultan
30,100,Melva,Falkinder
31,499,Perren,Eccleston
32,902,Bobby,Harmstone
33,806,Analiese,McCaughan
34,129,Alec,Karpeev
35,746,Enrichetta,Tipple
36,90,Ulick,Liddicoat
37,737,Jessie,Osband
38,692,Yuri,Norfolk
39,272,Dennis,Pendreigh
40,49,Wildon,Kirby
41,57,Waylin,Deverson
42,91,Addison,Everex
43,74,Joey,Hincks
44,582,Zach,Rhydderch
45,749,Laetitia,Warfield
46,431,Christi,Meagher
47,397,Henka,Vause
48,457,Melicent,Ratazzi
49,300,Conney,Murthwaite
50,943,Shelley,Cussons
51,846,Tildi,Narey
52,405,Alexa,Greystock
53,732,Duff,Cocozza
54,815,Dorelle,Duffer
55,200,Jeannie,Blount
56,979,Raynor,Goodings
57,712,Chas,Kuhwald
58,291,Debbie,Denness
59,13,Elisabetta,Rosevear
60,174,Tamiko,Tincey
61,462,Andrus,Blow
62,467,Liza,Harwell
63,915,Terra,Gumby
64,796,David,Trenoweth
65,623,Justen,Pruce
66,213,Martynne,Heenan
67,932,Kerwinn,Arpino
68,81,Alfonse,McOwen
69,294,Tabb,Plowright
70,648,Bail,Valenta
71,510,Crosby,Fanshawe
72,513,Randene,Littrell
73,562,Ricardo,Dubois
74,373,Tom,Carnalan
75,531,Susan,Spridgeon
76,763,Sallie,Hovey
77,716,Emanuele,Hyndson
78,283,Winn,Cabera
79,523,Shannon,Brambley
80,241,Damon,Kerrod
81,469,Gothart,Logsdail
82,840,Laetitia,Seery
83,285,Britt,Karus
84,302,Jazmin,Arendt
85,936,Catriona,Gersam
86,541,Danya,Pickrell
87,442,Donnie,Palfery
88,19,Lorelei,Roux
89,668,Fay,Nerne
90,633,Auberon,Smithson
91,566,Ephrayim,Ledson
92,259,Shermie,Doak
93,492,Dodi,Schust
94,661,Lowrance,Rayburn
95,824,Constancy,Showalter
96,507,Maia,Caherny
97,763,Augy,Heelis
98,974,Sheri,Armal
99,369,Flore,Yesson
100,337,Gabriela,Bocock
101,504,Cory,Losselyong
102,844,Buckie,MacCard
103,269,Allyson,McCracken
104,191,Adey,McCorry
105,677,Clarine,Brixey
106,168,Emeline,Louden
107,371,Gerty,Ciciotti
108,834,Cortney,Forkan
109,354,Cinderella,Caseley
110,716,Udell,Dumbrall
111,734,Ronny,Hadleigh
112,373,Kaitlin,Petch
113,916,Merrick,Dimbleby
114,188,Catie,Hunton
115,391,Ricki,Gillon
116,990,Aeriela,Akam
117,187,Lacee,Ciccottio
118,694,Merrilee,Chetwin
119,999,Arnold,Maguire
120,153,Devi,Schneider
121,46,Vasily,Watmough
122,160,Rodrigo,Tease
123,685,Englebert,Warby
124,746,D'arcy,Spohr
125,256,Vivianne,MacClinton
126,691,Duff,Bendix
127,941,Gerty,Canario
128,156,Myrtie,Rozzell
129,759,Livvie,Probart
130,802,Marius,Fattori
131,941,Inglebert,Bucklee
132,964,Zebulon,Bruyntjes
133,1000,Gifford,Cabel
134,70,Michael,Woolgar
135,143,Caresse,Ventham
136,30,Granthem,Starkey
137,17,Winna,Trevance
138,269,Padraig,Pine
139,235,Otes,Baudouin
140,627,Bobinette,Harold
141,566,Johannah,Topper
142,55,Timofei,Tresise
143,979,Dorey,Klesel
144,778,Mari,Jagger
145,179,Dougy,Champness
146,225,Eliza,Gallichiccio
147,55,Zonnya,Gitting
148,777,Ted,Tofanelli
149,46,Reade,Petrie
150,925,Annabelle,Brittlebank
151,611,Leonid,Ruben
152,585,Doris,Heyball
153,367,Timi,Cauthra
154,419,Gayel,Pallant
155,89,Natty,Caldero
156,888,Lin,Lowdham
157,118,Dwain,Steutly
158,420,Willy,Limming
159,843,Cortie,Warbey
160,158,Vicki,Gregoli
161,759,Olivette,Fearney
162,333,Wainwright,Jeafferson
163,557,Sibylle,Kliesl
164,245,Luella,Rogier
165,460,Matty,Bulloch
166,501,Jacquelyn,Statefield
167,455,Maxie,Feehily
168,93,Brittney,Quince
169,733,Druci,Milne
170,773,Woodrow,Canter
171,187,Dodi,Agirre
172,395,Sheree,Cardinal
173,176,Sherilyn,Butten
174,128,Conway,Tobias
175,572,Adeline,Rigney
176,697,Agata,Charlotte
177,141,Anselm,Andreassen
178,300,Fancie,Guiraud
179,841,Clarette,Quaife
180,128,Moishe,Bloxsome
181,186,Marya,Glennon
182,117,Marilin,Surridge
183,662,Sax,Christie
184,76,Amabelle,Gadesby
185,229,Cale,Wreiford
186,918,Nessi,Earland
187,690,Simon,Sayton
188,61,Sidonia,Keilloh
189,371,Catherine,Yakovl
190,373,Blakelee,Lantoph
191,569,Megen,Jakubowicz
192,685,Tracey,Mingo
193,462,Camala,Ericsson
194,150,Mommy,Taffee
195,339,Shir,Pether
196,86,Neddie,Sailor
197,305,Hendrika,Avarne
198,963,Shayne,Gouthier
199,842,Peter,De Laci
200,863,Fayina,Galle
201,909,Asher,Furtado
202,870,Anjanette,Musslewhite
203,485,Valida,Howis
204,201,Lorraine,Brewerton
205,105,Carree,Simonsson
206,433,Joanna,Oehm
207,97,Brandtr,Dohrmann
208,262,Carlotta,Malone
209,713,Chickie,McDermott
210,782,Lindy,Bines
211,662,Vinnie,Sijmons
212,464,Holden,Alban
213,216,Jayson,Jeenes
214,867,Chaunce,Druhan
215,320,Bertrand,Trickett
216,112,Alexandro,Gawke
217,34,Stella,Oakly
218,128,Melissa,Pennick
219,71,Sanders,Gyves
220,112,Donelle,Gout
221,761,Gan,Shillaker
222,621,Joceline,Lamminam
223,573,Howard,Scorrer
224,793,Claybourne,Harley
225,759,Charis,Buncombe
226,341,Charla,Druhan
227,472,Dorelle,Ponder
228,715,Vasily,Cowsby
229,292,Benn,Keeney
230,763,Jolee,Broske
231,837,Noelyn,Wield
232,861,Janelle,Curr
233,711,Vince,Jewkes
234,508,Olivero,Keynes
235,855,Kermit,Souch
236,473,Rozele,Shakesby
237,776,Ned,Glyn
238,679,Helge,Buxton
239,686,Francklin,Wagge
240,197,D'arcy,Chastang
241,5,Heda,Toogood
242,665,Cory,De La Hay
243,248,York,Julian
244,659,Ilysa,Lewcock
245,610,Rolland,Wrintmore
246,962,Darsey,Eldon
247,544,Rochester,Aulton
248,889,Korney,Kaes
249,176,Ryann,Gronauer
250,336,Kath,Sargant
251,693,Taddeusz,Landsberg
252,923,Finley,Wapplington
253,495,Arley,Buffy
254,941,Lorettalorna,Lamming
255,851,Christen,Haug
256,786,Ammamaria,Eilhart
257,508,Lowell,Caldecutt
258,794,Bartholomeo,Kelsell
259,463,Tonya,Taig
260,1000,Tami,Courtney
261,191,Tomkin,Preble
262,67,Sigmund,Rosindill
263,621,Vikki,Jouannisson
264,705,Vivianna,Demonge
265,744,Angil,Coneybeer
266,580,Hersch,Pierrepoint
267,912,Walt,Broader
268,484,Lazaro,Memory
269,151,Olive,Lackmann
270,616,Bess,Pavie
271,191,Maire,Greenlies
272,469,Lauree,Gerin
273,51,Prisca,Wakes
274,791,Ursa,Worley
275,846,Abel,Batchan
276,185,Shelden,Phlipon
277,741,Abbie,Stuehmeyer
278,29,Lissy,Aldiss
279,353,Evonne,Gambrell
280,812,Cece,Burn
281,539,Trip,Knill
282,404,Aubrey,Showen
283,115,Bud,Butterfill
284,238,Libby,Zannelli
285,297,Lucilia,Didsbury
286,201,Hayward,Greatland
287,944,Katerina,Happert
288,642,Juditha,Stetson
289,238,Kerk,Picard
290,971,Eddy,Jeppensen
291,426,Aurlie,Mobley
292,416,Ebonee,Dursley
293,71,Jewelle,Royse
294,904,Catherin,Codling
295,599,Wandis,McInility
296,607,Rosabelle,Eade
297,292,Camel,Meadows
298,475,Ring,Botterill
299,485,Renaldo,Kordova
300,335,Dannie,Albert
301,584,Lacee,Menhci
302,706,Corrina,Tice
303,703,Joelly,MacCallester
304,295,Rafa,Payn
305,647,Hyatt,Gerty
306,759,Fonz,Tukely
307,155,Rhea,Stainer
308,291,Heath,Sayce
309,724,Teodor,Carmo
310,504,Pattie,Oldall
311,732,Uta,Tabour
312,482,Leonid,Janousek
313,526,Abbey,Gringley
314,284,Ellissa,Kersaw
315,816,Archibold,Jeffry
316,196,Frannie,Jann
317,988,Arvin,Loakes
318,703,Madlen,Tryhorn
319,312,Arnaldo,Piola
320,811,Mendy,Piens
321,980,Sibel,Koeppe
322,272,Jacky,Greatorex
323,804,Lucine,Winton
324,107,Cristine,Peach
325,255,Tobie,Sleet
326,70,Sigismundo,Fibbens
327,815,Jessy,Taunton
328,387,Salvatore,Deppe
329,229,Joye,Moorey
330,159,Matty,Hoffman
331,500,Stacee,Curtiss
332,865,Allx,Favell
333,91,Thatcher,Schellig
334,765,Allissa,Tuckwood
335,639,Gerianna,Emig
336,637,Alla,Parrot
337,56,Davie,Dommerque
338,24,Kelvin,D'Andrea
339,792,Lyman,Rozet
340,211,Vlad,Biasetti
341,277,Glynda,Wivell
342,204,Bridget,Vasey
343,425,Merilee,Fowells
344,758,Ave,Bellringer
345,439,Jordana,Hay
346,988,Wain,McInulty
347,174,Berke,Proby
348,96,Brooks,Delucia
349,857,Leandra,Abbe
350,262,Burtie,Proffer
351,997,Sherwynd,Lindenfeld
352,732,Bev,Happert
353,815,Shep,Muttock
354,772,Bren,Keeltagh
355,360,Daphne,Vowles
356,128,Amargo,Judkin
357,794,Bowie,Berkowitz
358,293,Erhard,Thulborn
359,494,Augustine,Beney
360,759,Shannan,Gantzer
361,229,Lowell,Pedlar
362,784,Amalie,Kuhndel
363,331,Lemmy,Spier
364,677,Claiborn,Speck
365,44,Jase,Sandison
366,113,Jerrilee,Justis
367,865,Laura,Umbers
368,526,Ula,Challenor
369,34,Arty,Pendreigh
370,299,Joli,Casperri
371,469,Malena,Robelow
372,206,Dallas,Callacher
373,178,Pammi,Daffey
374,770,Winthrop,Adenet
375,490,Zahara,Papaccio
376,176,Ophelia,Cornau
377,157,Adda,Duckels
378,634,Bronnie,Ferronet
379,620,Derrik,Chessell
380,495,Christyna,Pedlow
381,385,Griffie,Davidovits
382,407,Livvie,Bowdler
383,487,Kaylyn,Wegner
384,751,Alonso,Bridgland
385,118,Nicoli,McGilvray
386,373,Maurizio,Search
387,544,Parker,Gussie
388,244,Pierre,Stienton
389,356,Georges,Deyes
390,15,Taddeo,Gideon
391,987,Olenka,Elles
392,914,Riley,Newlin
393,351,Dugald,Orritt
394,499,Corly,Coton
395,646,Annadiane,Wichard
396,436,Erin,Childes
397,856,Em,Anslow
398,728,Lyndel,Niblock
399,672,Imojean,Rahill
400,252,Torrey,Grzeskowski
401,325,Ike,Dealey
402,707,Reilly,Walne
403,613,Reggis,Gammet
404,885,Rene,Pattullo
405,165,Orelle,Revett
406,438,Forester,Skirrow
407,985,Terri,Jerrams
408,240,Martita,O'Toole
409,936,Noel,Restall
410,321,Louise,Philpott
411,189,Had,Fulloway
412,6,Stace,Dericot
413,67,Byron,Kohnert
414,784,Chan,Stocker
415,246,Stormy,McPeake
416,383,Tera,Randalston
417,110,Arabelle,Sowrey
418,271,Barny,Scrace
419,480,Cristionna,Hurt
420,138,Lorita,Grundy
421,550,Powell,Melia
422,424,Marijn,Borrel
423,636,Demott,Godlee
424,14,Aeriel,Gantzman
425,114,Karmen,Kitchinghan
426,366,Aurie,Leroux
427,750,Amandie,Hankin
428,452,Conrad,Danks
429,697,Jodie,Schimmang
430,71,Doro,Alfonsini
431,179,Salvador,Pigot
432,729,Carlotta,Hardwidge
433,447,Van,Greensides
434,822,Tommy,Jardin
435,707,Jasmine,Olexa
436,706,Hyacinthe,Laminman
437,128,Alyssa,Acuna
438,353,Cassandra,Godsafe
439,566,Everard,Maase
440,562,Tootsie,Artus
441,148,Griffy,Cheeld
442,656,Thorstein,Warrack
443,525,Essie,Fellows
444,619,Sayres,Heliar
445,776,Shandra,Glennard
446,803,Vincents,Pedreschi
447,294,Illa,Gregori
448,460,Donny,Setterfield
449,583,Chauncey,Rumbelow
450,347,Decca,Huyhton
451,399,Hestia,Beminster
452,355,Clare,Boyford
453,517,Melina,Cordelette
454,404,Pasquale,Hayman
455,451,Mina,Andriveau
456,763,Esra,Dougill
457,376,Kaia,Berrick
458,488,Niles,Umbers
459,428,Abran,Joannic
460,655,Veradis,Shambroke
461,545,Etan,Biggar
462,66,Raquel,Kitchingham
463,684,Traci,Cradduck
464,725,Jolee,Schmidt
465,115,Fredelia,Bywater
466,279,Nelle,Van den Bosch
467,902,Frieda,Fleis
468,266,Abagael,Perkin
469,879,Kalina,Harling
470,885,Erroll,Laphorn
471,207,Tera,Popov
472,711,Elisabet,Spall
473,673,Zacharia,Brockhouse
474,692,David,Andryunin
475,886,Rorie,Laurencot
476,242,Lorne,Casellas
477,744,Kylila,Fennell
478,411,Cy,Haggerston
479,593,Poul,Fiddeman
480,856,Holli,Madgwich
481,846,Jareb,Boni
482,419,Ase,Gwilliams
483,945,Kristoffer,Michal
484,685,Ashlen,Boffey
485,22,Holmes,Adnett
486,94,Jordan,Millican
487,408,Anselm,Colthard
488,494,Angelico,Zannolli
489,61,Giff,Hardan
490,729,Carolyne,Chillistone
491,271,Maxie,Torrejon
492,372,Mohammed,Eastup
493,700,Jolee,Deare
494,192,Mata,Fransemai
495,452,Conan,Droghan
496,165,Jada,Fulker
497,936,Pavlov,Coast
498,337,Cynthea,MacGaughey
499,414,Beverlie,Rampling
500,607,Silvanus,Karchowski
501,279,Daron,Cornau
502,285,Catlaina,Maryet
503,347,Emmanuel,Browell
504,991,Ade,MacKay
505,490,Luz,Clout
506,965,Yoshi,Harflete
507,588,Ricard,Bonallick
508,300,Gelya,Tante
509,541,Claus,Rentalll
510,878,Anabella,Arnhold
511,648,Galvan,Ourtic
512,950,Agnesse,Gravells
513,926,Korney,Thornally
514,333,Sissie,Jedraszek
515,586,Tamma,Scholey
516,83,Kassandra,Gealy
517,472,Caril,Kelshaw
518,605,Glynn,Wenzel
519,893,Britta,Heams
520,135,Sinclare,Quillinane
521,523,Abeu,Curcher
522,686,Brunhilda,Jeens
523,677,Kippy,Gravenall
524,290,Hobard,Arondel
525,545,Rosy,Soonhouse
526,899,Rice,Bradder
527,582,Brit,Corby
528,956,Leonora,Dell
529,450,Ronnie,Hrishanok
530,87,Etta,Mintrim
531,227,Artemus,Grenville
532,371,Josselyn,Grube
533,972,Pearl,Deare
534,725,Aundrea,Lawtie
535,505,Cymbre,Trahear
536,67,Lucienne,Bengtsson
537,242,Raquel,Startin
538,831,Pebrook,Biggam
539,932,Gigi,McMylor
540,738,Stacie,Cottem
541,421,Amalee,Hassen
542,931,Geno,Di Domenico
543,802,Nessi,Bolles
544,296,Raven,Foucard
545,35,Kipp,Safe
546,132,Manuel,McQuin
547,915,Brandice,Aguirrezabala
548,428,Heall,Setterington
549,180,Oneida,Kless
550,476,Thorsten,Di Giorgio
551,451,Marjie,Dawdary
552,26,Moises,Waiton
553,4,Constantino,Arnke
554,122,Hoebart,Stratz
555,79,Anetta,Robilliard
556,543,Christabel,Petrovic
557,951,Truda,Eppson
558,357,Noella,Constable
559,468,Gisella,Duguid
560,359,Aviva,Cubbit
561,345,Cecil,Aronoff
562,65,Pebrook,Keers
563,207,Agna,Gonnely
564,773,Justinn,Probert
565,179,Nikolaos,MacAlester
566,234,Adora,Castillon
567,774,Vinny,Brellin
568,293,Seline,Wield
569,321,Rebeca,Charlot
570,795,Feodor,Teesdale
571,488,Cortney,Tomlin
572,700,Alissa,Rippin
573,801,Raoul,Brashier
574,141,Cordie,Menpes
575,582,Mahmud,Frostick
576,255,Thomasin,Cammish
577,694,Moyna,O'Currigan
578,32,Wolfy,Hostan
579,998,Vivi,Tiddy
580,895,Annmarie,Manuello
581,508,Rodolfo,Gavey
582,949,Dudley,Bissex
583,769,Jada,Raimbauld
584,731,Kimmy,Ciccerale
585,404,Clair,Castelow
586,944,Dionis,Grunnell
587,683,Gavrielle,Gosswell
588,634,Vidovik,Bratch
589,57,Elsie,Crathorne
590,601,Bronny,Munt
591,466,Druci,Manton
592,539,Brander,Hatherleigh
593,940,Bat,Dyos
594,809,Glyn,Bolzen
595,860,Haslett,Roseveare
596,109,Maegan,Steen
597,196,Angelo,Micallef
598,69,Aarika,Castagnet
599,668,Bryce,Hostan
600,3,Mayer,Duck
601,105,Minni,Alvey
602,22,Olivia,Jablonski
603,226,Angelia,Ditt
604,825,Leland,Cerro
605,395,Rutter,Cossam
606,678,Edward,Woolmington
607,369,Bethina,Bullimore
608,631,Luce,MacGall
609,700,Trstram,Kenworthy
610,577,Henryetta,Happer
611,369,Zulema,Lukasik
612,90,Grata,Godart
613,371,Lew,Dakhov
614,449,Bradney,Drakeford
615,812,Mellisent,Wheelhouse
616,649,Cliff,Heintze
617,798,Zebadiah,Statersfield
618,3,Abbe,Flaunier
619,724,Rhonda,Pawlowicz
620,982,Waite,Wiseman
621,298,Robbie,Guise
622,816,Editha,Lillo
623,103,Aylmer,Deignan
624,560,Odo,Pierrepoint
625,499,Lydon,O'Deegan
626,242,Cherri,Craft
627,949,Giraldo,Kubacek
628,655,Dallis,Ellen
629,686,Eyde,Baylie
630,379,Josephine,Paulich
631,474,Arly,Finlaison
632,378,Erhart,Draycott
633,968,Lizzie,Mapholm
634,653,Hollie,von Hagt
635,171,Boyd,Braunston
636,588,Rachel,Lacase
637,827,Grady,Cowap
638,355,Joscelin,Kemet
639,649,Nixie,Jurgen
640,74,Erina,Powner
641,502,Jany,MacDermid
642,472,Zak,Abbots
643,319,Mina,Tebb
644,417,Mela,Esselen
645,331,Sile,Wapple
646,46,Standford,O'Connel
647,226,Howard,Garthside
648,826,Max,Mothersole
649,55,Chandal,Kingsnoad
650,357,Milton,Ponder
651,20,Godfry,Itschakov
652,945,Jerrold,Puddicombe
653,902,Genevieve,Reucastle
654,746,Junette,Pigney
655,722,Carmon,Gadsden
656,656,Tonia,Scay
657,456,Kristoforo,Edgworth
658,72,Ferne,Jarrelt
659,697,Claudianus,Whittam
660,228,Jeanelle,Silvermann
661,792,Markos,Kissell
662,288,Meriel,Tanner
663,911,Dunstan,Febry
664,293,Nettle,Ferns
665,480,Allison,Scollan
666,602,Colman,Charters
667,711,Bevon,Sharrard
668,287,Hannie,Goodger
669,161,Case,Douglass
670,828,Tonie,Roadknight
671,744,Georgia,Lilly
672,318,Nedi,Acreman
673,558,Anna-diana,Truelove
674,635,Barbara,Noke
675,231,Homere,Gonnely
676,488,Kay,Flement
677,390,Ruy,Queree
678,902,Tammy,Lynnitt
679,799,Cleon,Toyer
680,85,Bert,Muttitt
681,992,Barde,Prettjohn
682,541,Edlin,Hutchens
683,166,Melly,Reasun
684,118,Odessa,McMarquis
685,75,Erma,Soan
686,178,Joceline,Haycraft
687,698,Avigdor,Coole
688,629,Melamie,Bamborough
689,90,Janetta,Talmadge
690,83,Jozef,Gillum
691,403,Zerk,Stockau
692,710,Robbert,Di Baudi
693,618,Sadie,Bilbey
694,500,Wrennie,Paunsford
695,37,Kris,Sketcher
696,670,Jeri,Krates
697,87,Abram,Bridge
698,36,Astra,Bendix
699,353,Margo,Lyne
700,399,Patric,Trewett
701,265,Berta,Jurczyk
702,316,Pepi,Aleksashin
703,492,Elladine,Callow
704,588,Kristina,Viste
705,145,Mariana,Langham
706,163,Kimmy,Kempson
707,337,Leda,Recher
708,130,Ado,Landrean
709,966,Hadley,Talks
710,618,Quinton,Yearns
711,190,Susie,Jedrychowski
712,313,Genia,Temlett
713,176,Frasco,Comben
714,950,Anstice,Blackett
715,414,Tessy,Marchington
716,96,Demetre,Caskey
717,910,Violette,Casemore
718,587,Hallsy,Hadlington
719,448,Emlyn,Gibbeson
720,814,Tarrah,Stollmeier
721,714,Ulrika,Ovesen
722,17,Yvonne,Baldung
723,745,Myrtia,Brogden
724,713,Grissel,Lapree
725,787,Hedvig,Ariss
726,816,Wittie,MacKimmie
727,681,Waring,Di Ruggiero
728,316,Ariella,O'Donnelly
729,251,Shelia,Durden
730,528,Kristopher,Lanchbery
731,508,Hube,Fewless
732,206,Jacklin,Vogel
733,848,Theresa,Sturdgess
734,180,Paddie,Ivashchenko
735,990,Hewitt,Lunney
736,543,Haydon,Mordaunt
737,639,Amalia,MacNucator
738,347,Ingar,Jaffrey
739,604,Drucie,Ferdinand
740,271,Mala,Delgardo
741,174,Michele,Kerry
742,592,Kelley,Wiley
743,929,Trip,Mablestone
744,38,Christophorus,Muskett
745,734,Gary,Hanshawe
746,989,Giraldo,Radley
747,275,Upton,Danniell
748,64,Cynthea,Cantos
749,917,Rudolph,Izaac
750,185,Tailor,Cherm
751,475,Georgie,Whisson
752,265,Mozelle,Ochterlony
753,52,James,Phinnessy
754,84,Cal,Kornel
755,30,Eddi,Bardnam
756,899,Phyllys,Hanhart
757,232,Daveen,Brotherhood
758,840,Marita,Southward
759,972,Felice,Durrad
760,681,Albert,Hawkslee
761,495,Angelina,Rollinshaw
762,54,Alexi,Haberjam
763,385,Talia,Roder
764,761,Leanna,Fairbrace
765,620,Nancey,Perkis
766,996,Gunner,Gaynor
767,552,Agosto,Mander
768,407,Fay,Lummasana
769,74,Henka,Sankey
770,116,Jabez,Crocker
771,182,Gabriel,English
772,48,Wenona,Bertie
773,748,Hatty,Popplewell
774,313,Claudius,Seabright
775,183,Crista,McCullock
776,643,Reinhold,Iwanowicz
777,836,Stephani,Goeff
778,620,Sandra,Tweed
779,154,Talia,Vardy
780,219,Almira,Dell
781,196,Maurizia,Claiton
782,548,Neila,Muff
783,958,Iseabal,Oattes
784,148,Kettie,Idell
785,572,Jenna,Gregoratti
786,418,Anabella,Belfield
787,19,Jarrad,Plevin
788,512,Con,D'Alesio
789,593,Leontine,Scrace
790,636,Rachael,Filipyev
791,883,Gaye,Clifforth
792,320,Giraldo,Merrikin
793,136,Jamesy,Leverton
794,341,Gordie,Tomasian
795,952,Lyndsey,Dearle-Palser
796,15,Flor,Rizzardo
797,65,Hogan,Cunnah
798,41,Uri,Saywell
799,201,Linell,Cathcart
800,596,Tommy,Everitt
801,150,Corby,Cullington
802,191,Grantham,Eaglesham
803,788,Zena,Rassell
804,801,Katleen,Copins
805,810,Paolo,Jess
806,277,Clemmie,Haslegrave
807,959,Ravid,O'Halloran
808,257,Lamar,Riccetti
809,38,Guillaume,Axcell
810,385,Teresina,Lambarth
811,964,Pauly,Jenicke
812,147,Giacobo,Shower
813,835,Jill,Menham
814,669,Danie,Owens
815,838,Alexandrina,Ricket
816,478,Erina,Frears
817,656,Tedi,McGuirk
818,251,Zorana,Nicklinson
819,867,Thia,Snowden
820,805,Enrika,Swift
821,558,Durand,Byron
822,731,Claudette,Linsley
823,335,Cos,Crenshaw
824,494,Julissa,Mahaddie
825,456,Webb,Wingrove
826,50,Keven,Mulvin
827,321,Maighdiln,Holdall
828,9,Kile,Gowanlock
829,477,Simona,Lieber
830,247,Norene,McCarrell
831,363,Maurita,Adamovich
832,556,Kellina,Lindell
833,652,Hazlett,Twinborne
834,38,Barnabas,Lempel
835,831,Thibaut,Ketchell
836,162,Malia,Tregenna
837,699,Godfrey,Stovine
838,695,Ricki,Purdy
839,79,Agustin,Cordon
840,907,Evanne,Longforth
841,948,Reinhard,Eaton
842,965,Rafael,Rivenzon
843,810,Reiko,Gowing
844,221,Corabella,Croyden
845,3,Madison,Keneford
846,489,Cathe,Manske
847,805,Chas,Songhurst
848,310,Vidovik,MacKey
849,607,Ulrikaumeko,Beakes
850,529,Carlie,Hevey
851,861,Eolanda,Dougill
852,831,Tab,Pharrow
853,745,Rhody,Whittle
854,525,Elsinore,Closs
855,889,Robenia,Remmers
856,469,Obed,Shingler
857,297,Reuven,Papaccio
858,392,Felicio,Else
859,604,Annadiane,Hackinge
860,310,Aguie,Garret
861,357,Diann,Phethean
862,937,Midge,Haysar
863,742,Evelina,Lowin
864,274,Kynthia,Bearman
865,572,Irena,Wontner
866,192,Pepi,Franciottoi
867,829,Roley,Pedlow
868,126,Bertram,Shoosmith
869,985,Nye,Gerssam
870,574,Remy,Cuff
871,551,Sarah,Fearn
872,554,Henderson,Forsdyke
873,409,Angil,Holberry
874,659,Blaine,Pittway
875,660,Ivette,Tong
876,77,Cordell,L'argent
877,809,Anna-maria,Wyne
878,209,Bernard,Lancley
879,348,Bartel,Stealfox
880,75,Franz,Sciusscietto
881,739,Hasty,Woliter
882,68,Maddy,Godding
883,120,Gae,Oakes
884,175,Neala,Overstall
885,647,Cyrille,Brownstein
886,852,Hillyer,Whewill
887,363,Katee,Handslip
888,751,Alfonso,Parkyn
889,633,Reinwald,Ekless
890,558,Philippine,Walter
891,386,Euell,Karran
892,908,Cassondra,Teresa
893,172,Foster,Rawling
894,623,Elly,Mcasparan
895,724,Kakalina,Baal
896,413,Muffin,Stoade
897,597,Norri,Peartree
898,615,Reube,Ducastel
899,933,Kial,Clowton
900,565,Lucretia,Singh
901,814,Hilary,Killner
902,192,Wandie,Caulton
903,634,Alexio,Agget
904,90,Mimi,Vicarey
905,159,Sander,Dislee
906,456,Larina,Bales
907,595,Bay,Findlay
908,999,Juliann,Fyndon
909,493,Nelson,Hynson
910,950,Bessie,Samwyse
911,762,Angelia,Pargetter
912,47,Aristotle,Suttle
913,310,Malvina,Whittenbury
914,972,Diego,Dallon
915,61,Kenyon,Watmore
916,225,Fernandina,Primo
917,936,Kenn,Lehmann
918,45,Valery,Dimeloe
919,358,Mahalia,Lorens
920,967,Sinclare,Oppery
921,857,Nickie,Birdwhistle
922,556,Morie,Rides
923,158,Pammi,Fisbburne
924,183,Kareem,Ghirardi
925,961,Michaelina,Spoerl
926,545,Cornall,Vassall
927,559,Cesar,Dudin
928,645,Lyn,Chazerand
929,623,Adorne,Beeden
930,354,Charis,Gloster
931,521,Jasper,Lillgard
932,355,Jerad,Kirvell
933,626,Helen-elizabeth,Frow
934,256,Mavis,Antognozzii
935,33,Traci,Roch
936,329,Linnet,Asbery
937,10,Darcee,Adam
938,908,Deeyn,Kinsey
939,218,Kassey,Minto
940,776,Shauna,Miranda
941,880,Kirstyn,Nare
942,774,Cassandra,Lepoidevin
943,807,Celestine,Gaffer
944,598,Mendel,Elesander
945,816,Chloe,Aarons
946,832,Conway,Blayney
947,290,Binny,Spittall
948,779,Lowe,Gentil
949,773,Martelle,Mc Combe
950,317,Madge,Blaker
951,674,Gerhardt,Bernadot
952,406,Kane,Linskey
953,879,Lyle,Vanichkov
954,776,Eamon,Bickardike
955,972,Lance,Hansemann
956,500,Rob,Ducrow
957,512,Suellen,Coneybeare
958,432,Jackelyn,Espasa
959,140,Emma,McKleod
960,253,Lindsey,Thewlis
961,724,Adolphe,Faiers
962,581,Jackelyn,Perllman
963,819,Alano,Quillinane
964,785,Fanny,Rabjohns
965,417,Charmian,Roma
966,402,Layne,Raiment
967,584,Saba,Tropman
968,65,Sebastien,Sayward
969,171,Jermayne,Corinton
970,31,Lyndsay,Bitchener
971,823,Brad,Crees
972,756,Thadeus,Hovell
973,861,Nance,MacFaul
974,781,Lorette,Kiessel
975,773,Larine,Hainsworth
976,478,Tan,Chaise
977,418,Elia,Gayter
978,98,Loleta,Hursey
979,998,Angel,Galletley
980,475,Jourdain,Judge
981,447,Trueman,Healey
982,15,Martica,Glowacz
983,1001,Broderick,Bridgement
984,261,Monro,Scott
985,554,Judy,Kemmer
986,260,Carter,Dalgleish
987,535,Madelina,Robertelli
988,167,Loren,Negus
989,350,Orly,Russe
990,975,Pierce,Toolan
991,903,Kristien,McCrone
992,624,Stefan,Shotboulte
993,262,Ammamaria,Petteford
994,937,Moll,Fakeley
995,246,Frank,Greatbatch
996,570,Nelly,Biggans
997,782,Micah,Adran
998,446,Dolley,Barrott
999,111,Tynan,Boyington
1000,705,Ellissa,Ninotti
